<wpml-config>
    <custom-types>
        <custom-type translate="1">product</custom-type>
        <custom-type translate="1">inventory</custom-type>
        <custom-type translate="1">request_quote</custom-type>
    </custom-types>
    
    <taxonomies>
        <taxonomy translate="1">product_type</taxonomy>
        <taxonomy translate="1">product_cat</taxonomy>
        <taxonomy translate="1">product_tag</taxonomy>
        <taxonomy translate="1">pac_categories</taxonomy>
        <taxonomy translate="1">resource</taxonomy>
        <taxonomy translate="1">person</taxonomy>
        <taxonomy translate="1">deposite</taxonomy>
        <taxonomy translate="1">attributes</taxonomy>
        <taxonomy translate="1">features</taxonomy>
        <taxonomy translate="1">pickup_location</taxonomy>
        <taxonomy translate="1">dropoff_location</taxonomy>
        <taxonomy translate="1">car_company</taxonomy>
    </taxonomies>

    <custom-fields>
        <custom-field action="copy">pricing_type</custom-field>
        <custom-field action="copy">general_price</custom-field>
        <custom-field action="copy">hourly_price</custom-field>
        <custom-field action="copy">nets_daily_pricing</custom-field>
        <custom-field action="copy">nets_monthly_pricing</custom-field>
        <custom-field action="copy">nets_day_ranges_cost</custom-field>
        <custom-field action="copy">nets_price_discount_cost</custom-field>
        <custom-field action="copy">pac_settings_for_display</custom-field>
        <custom-field action="copy">pac_settings_for_labels</custom-field>
        <custom-field action="copy">pac_settings_for_conditions</custom-field>
        <custom-field action="copy">pac_settings_for_validations</custom-field>
        <custom-field action="copy">nets_block_general_dates</custom-field>
        <custom-field action="copy">nets_calendar_date_format</custom-field>
        <custom-field action="copy">nets_choose_european_date_format</custom-field>
        <custom-field action="copy">nets_max_time_late</custom-field>
        <custom-field action="copy">nets_max_rental_days</custom-field>
        <custom-field action="copy">nets_min_rental_days</custom-field>
        <custom-field action="copy">nets_rental_starting_block_dates</custom-field>
        <custom-field action="copy">nets_rental_post_booking_block_dates</custom-field>
        <custom-field action="copy">nets_time_interval</custom-field>
        <custom-field action="copy">nets_allowed_times</custom-field>
        <custom-field action="copy">nets_rental_local_enable_single_day_time_based_booking</custom-field>
        <custom-field action="copy">nets_rental_local_quantity_on_days</custom-field>
        <custom-field action="copy">nets_rental_off_days</custom-field>
        <custom-field action="copy">nets_show_pricing_flipbox_text</custom-field>
        <custom-field action="copy">nets_flip_pricing_plan_text</custom-field>
        <custom-field action="copy">nets_pickup_location_heading_title</custom-field>
        <custom-field action="copy">nets_pickup_loc_placeholder</custom-field>
        <custom-field action="copy">nets_dropoff_location_heading_title</custom-field>
        <custom-field action="copy">nets_return_loc_placeholder</custom-field>
        <custom-field action="copy">nets_pickup_date_heading_title</custom-field>
        <custom-field action="copy">nets_pickup_date_placeholder</custom-field>
        <custom-field action="copy">nets_pickup_time_placeholder</custom-field>
        <custom-field action="copy">nets_dropoff_date_heading_title</custom-field>
        <custom-field action="copy">nets_dropoff_date_placeholder</custom-field>
        <custom-field action="copy">nets_dropoff_time_placeholder</custom-field>
        <custom-field action="copy">nets_pac_cat_heading</custom-field>
        <custom-field action="copy">nets_resources_heading_title</custom-field>
        <custom-field action="copy">nets_adults_heading_title</custom-field>
        <custom-field action="copy">nets_adults_placeholder</custom-field>
        <custom-field action="copy">nets_childs_heading_title</custom-field>
        <custom-field action="copy">nets_childs_placeholder</custom-field>
        <custom-field action="copy">nets_discount_text_title</custom-field>
        <custom-field action="copy">nets_instance_pay_text_title</custom-field>
        <custom-field action="copy">nets_total_cost_text_title</custom-field>
        <custom-field action="copy">nets_book_now_button_text</custom-field>
        <custom-field action="copy">nets_rfq_button_text</custom-field>
        <custom-field action="copy">nets_security_deposite_heading_title</custom-field>
        <custom-field action="copy">nets_rental_local_show_pickup_date</custom-field>
        <custom-field action="copy">nets_rental_local_show_pickup_time</custom-field>
        <custom-field action="copy">nets_rental_local_show_dropoff_date</custom-field>
        <custom-field action="copy">nets_rental_local_show_dropoff_time</custom-field>
        <custom-field action="copy">nets_rental_local_show_pricing_flip_box</custom-field>
        <custom-field action="copy">nets_rental_local_show_price_discount_on_days</custom-field>
        <custom-field action="copy">nets_rental_local_show_price_instance_payment</custom-field>
        <custom-field action="copy">nets_rental_local_show_request_quote</custom-field>
        <custom-field action="copy">nets_rental_local_show_book_now</custom-field>
        <custom-field action="copy">nets_rental_local_required_pickup_location</custom-field>
        <custom-field action="copy">nets_rental_local_required_return_location</custom-field>
        <custom-field action="copy">nets_rental_local_required_person</custom-field>
        <custom-field action="copy">nets_rental_required_local_pickup_time</custom-field>
        <custom-field action="copy">nets_rental_required_local_return_time</custom-field>
        <custom-field action="copy">nets_rental_fri_min_time</custom-field>
        <custom-field action="copy">nets_rental_fri_max_time</custom-field>
        <custom-field action="copy">nets_rental_sat_min_time</custom-field>
        <custom-field action="copy">nets_rental_sat_max_time</custom-field>
        <custom-field action="copy">nets_rental_sun_min_time</custom-field>
        <custom-field action="copy">nets_rental_sun_max_time</custom-field>
        <custom-field action="copy">nets_rental_mon_min_time</custom-field>
        <custom-field action="copy">nets_rental_mon_max_time</custom-field>
        <custom-field action="copy">nets_rental_thu_min_time</custom-field>
        <custom-field action="copy">nets_rental_thu_max_time</custom-field>
        <custom-field action="copy">nets_rental_wed_min_time</custom-field>
        <custom-field action="copy">nets_rental_wed_max_time</custom-field>
        <custom-field action="copy">nets_rental_thur_min_time</custom-field>
        <custom-field action="copy">nets_rental_thur_max_time</custom-field>
        <custom-field action="ignore">nets_block_dates_and_times</custom-field>
        <custom-field action="ignore">inventory_child_posts</custom-field>
        <custom-field action="copy">nets_inventory_products_quique_models</custom-field>
        <custom-field action="ignore">resource_identifier</custom-field>
    </custom-fields>
    
    <admin-texts>        
        <key name="pac_lang_domain" />
        <key name="pac_lang_months"/>
        <key name="pac_lang_weekdays"/>
        <key name="pac_total_days_label"/>
        <key name="pac_total_hours_label"/>
        <key name="pac_attribute_tab"/>
        <key name="pac_feature_tab"/>
        <key name="pac_date_top_heading"/>
        <key name="pac_date_top_desc"/>
        <key name="pac_shop_page_button"/>
        <key name="pac_date_inner_heading"/>
        <key name="pac_date_inner_desc"/>
        <key name="pac_location_top_heading"/>
        <key name="pac_location_top_desc"/>
        <key name="pac_location_inner_heading"/>
        <key name="pac_location_inner_desc"/>
        <key name="pac_resource_top_heading"/>
        <key name="pac_resource_top_desc"/>
        <key name="pac_resource_inner_heading"/>
        <key name="pac_resource_inner_desc"/>
        <key name="pac_person_top_heading"/>
        <key name="pac_person_top_desc"/>
        <key name="pac_person_inner_heading"/>
        <key name="pac_person_inner_desc"/>
        <key name="pac_deposit_top_heading"/>
        <key name="pac_deposit_top_desc"/>
        <key name="pac_deposit_inner_heading"/>
        <key name="pac_deposit_inner_desc"/>
        <key name="pac_summary_top_heading"/>
        <key name="pac_summary_top_desc"/>
        <key name="pac_summary_inner_heading"/>
        <key name="pac_summary_inner_desc"/>
        <key name="pac_pickup_location_title"/>
        <key name="pac_pickup_location_placeholder"/>
        <key name="pac_dropoff_location_title"/>
        <key name="pac_dropoff_location_placeholder"/>
        <key name="pac_pickup_datetime_title"/>
        <key name="pac_pickup_date_placeholder"/>
        <key name="pac_pickup_time_placeholder"/>
        <key name="pac_dropoff_datetime_title"/>
        <key name="pac_dropoff_date_placeholder"/>
        <key name="pac_dropoff_time_placeholder"/>
        <key name="pac_adults_title"/>
        <key name="pac_adults_placeholder"/>
        <key name="pac_childs_title"/>
        <key name="pac_childs_placeholder"/>
        <key name="pac_quantity_title"/>
        <key name="pac_resources_title"/>
        <key name="pac_categories_title"/>
        <key name="pac_deposit_title"/>
        <key name="pac_discount_text"/>
        <key name="pac_instance_pay_text"/>
        <key name="pac_total_cost_text"/>
        <key name="pac_pricing_flipbox_title"/>
        <key name="pac_pricing_flipbox_info_title"/>
        <key name="pac_unit_price"/>
        <key name="pac_book_now_text"/>
        <key name="pac_rfq_text"/>
        <key name="pac_username_placeholder"/>
        <key name="pac_password_placeholder"/>
        <key name="pac_first_name_placeholder"/>
        <key name="pac_last_name_placeholder"/>
        <key name="pac_email_placeholder"/>
        <key name="pac_phone_placeholder"/>
        <key name="pac_message_placeholder"/>
        <key name="pac_submit_button_text"/>
        
    </admin-texts>
</wpml-config>
