Post Title,Category,Other(Tags),Artist,Song,Version,Record Label,ISRC,Master Owner,Publisher,Writer
First1,"Mood,Vocals",Test1,arijit1,tum hi ho1,v1.1,RR1,test1,icecube1,methoon1,bappida1
First2,"Mood,Vocals",Test2,arijit2,tum hi ho2,v1.2,RR2,test2,icecube2,methoon2,bappida2
First3,"Mood,Vocals",Test3,arijit3,tum hi ho3,v1.3,RR3,test3,icecube3,methoon3,bappida3
First4,"Mood,Vocals",Test4,arijit4,tum hi ho4,v1.4,RR4,test4,icecube4,methoon4,bappida4
First5,"Mood,Vocals",Test5,arijit5,tum hi ho5,v1.5,RR5,test5,icecube5,methoon5,bappida5
